no_mean	
no_mean	
app	
app	
no_mean	
delivery	
delivery	
delivery	
app	
no_mean	
app	
no_mean	
app	
app	
app	
app	
no_mean	
payment	
app	
delivery	
no_mean	
payment	
goods	
app	
goods	
app	
app	
app	
no_mean	
app	
app	
no_mean	
no_mean	
app	
no_mean	
app	
app	
goods	
no_mean	
no_mean	
app	
no_mean	
no_mean	
no_mean	
delivery	
cs	
no_mean	
no_mean	
app	
app	
app	
app	
app	
app	
no_mean	
delivery	
no_mean	
delivery	
no_mean	
delivery	
app	
app	
no_mean	
no_mean	
cs	
goods	
no_mean	
cs	
no_mean	
app	
delivery	
payment	
no_mean	
cs	
no_mean	
cs	
no_mean	
no_mean	
app	
cs	
app	
cs	
no_mean	
app	
no_mean	
app	
payment	
delivery	
no_mean	
payment	
cs	
cs	
payment	
no_mean	
goods	
no_mean	
no_mean	
no_mean	
goods	
no_mean	
no_mean	
no_mean	
no_mean	
no_mean	
payment	
app	
goods	
app	
cs	
no_mean	
app	
app	
goods	
goods	
delivery	
goods	
no_mean	
delivery	
goods	
goods	
goods	
app	
no_mean	
delivery	
app	
delivery	
app	
no_mean	
payment	
no_mean	
app	
goods	
goods	
goods	
delivery	
no_mean	
app	
app	
delivery	
app	
no_mean	
no_mean	
goods	
payment	
cs	
app	
app	
no_mean	
app	
app	
goods	
cs	
delivery	
payment	
app	
no_mean	
no_mean	
app	
app	
app	
app	
app	
app	
delivery	
no_mean	
no_mean	
app	
app	
no_mean	
no_mean	
delivery	
delivery	
no_mean	
app	
no_mean	
delivery	
goods	
app	
delivery	
payment	
cs	
app	
goods	
app	
delivery	
app	
app	
app	
goods	
app	
no_mean	
no_mean	
no_mean	
delivery	
no_mean	
delivery	
no_mean	
no_mean	
app	
no_mean	
app	
app	
no_mean	
delivery	
app	
goods	
payment	
goods	
no_mean	
no_mean	
no_mean	
no_mean	
app	
app	
payment	
no_mean	
no_mean	
no_mean	
payment	
no_mean	
delivery	
app	
app	
no_mean	
app	
app	
app	
no_mean	
no_mean	
app	
app	
no_mean	
no_mean	
delivery	
app	
cs	
no_mean	
no_mean	
delivery	
delivery	
no_mean	
app	
goods	
no_mean	
app	
no_mean	
delivery	
no_mean	
goods	
no_mean	
app	
app	
no_mean	
cs	
app	
no_mean	
delivery	
app	
no_mean	
no_mean	
app	
app	
no_mean	
payment	
app	
goods	
app	
app	
app	
goods	
no_mean	
no_mean	
app	
app	
app	
app	
app	
app	
delivery	
no_mean	
no_mean	
app	
app	
no_mean	
delivery	
app	
no_mean	
app	
payment	
no_mean	
payment	
goods	
no_mean	
app	
app	
app	
cs	
payment	
app	
app	
app	
app	
app	
app	
no_mean	
app	
app	
app	
payment	
no_mean	
no_mean	
no_mean	
no_mean	
no_mean	
no_mean	
goods	
app	
no_mean	
app	
no_mean	
app	
no_mean	
app	
goods	
no_mean	
app	
payment	
no_mean	
app	
app	
payment	
app	
delivery	
app	
payment	
app	
app	
delivery	
no_mean	
app	
no_mean	
payment	
app	
no_mean	
no_mean	
app	
app	
payment	
app	
app	
cs	
no_mean	
app	
delivery	
payment	
no_mean	
goods	
goods	
app	
goods	
cs	
app	
no_mean	
app	
app	
no_mean	
delivery	
app	
delivery	
no_mean	
app	
app	
no_mean	
no_mean	
no_mean	
payment	
app	
app	
no_mean	
no_mean	
app	
no_mean	
payment	
delivery	
app	
app	
app	
no_mean	
delivery	
payment	
app	
app	
no_mean	
app	
goods	
delivery	
app	
app	
app	
app	
payment	
no_mean	
app	
no_mean	
no_mean	
app	
goods	
no_mean	
delivery	
no_mean	
no_mean	
no_mean	
no_mean	
no_mean	
cs	
no_mean	
app	
no_mean	
payment	
payment	
app	
app	
app	
delivery	
app	
app	
goods	
goods	
app	
payment	
goods	
cs	
no_mean	
app	
app	
app	
app	
app	
app	
app	
no_mean	
app	
app	
payment	
app	
no_mean	
app	
app	
no_mean	
cs	
app	
app	
app	
app	
app	
app	
app	
no_mean	
payment	
delivery	
app	
goods	
cs	
app	
delivery	
no_mean	
app	
payment	
no_mean	
no_mean	
cs	
app	
no_mean	
goods	
no_mean	
delivery	
delivery	
no_mean	
goods	
no_mean	
delivery	
no_mean	
app	
payment	
delivery	
app	
goods	
app	
no_mean	
app	
no_mean	
goods	
goods	
no_mean	
no_mean	
app	
app	
delivery	
no_mean	
delivery	
no_mean	
app	
no_mean	
app	
no_mean	
no_mean	
goods	
cs	
no_mean	
app	
no_mean	
no_mean	
delivery	
no_mean	
no_mean	
app	
no_mean	
delivery	
delivery	
app	
no_mean	
no_mean	
delivery	
app	
app	
no_mean	
cs	
goods	
cs	
goods	
app	
delivery	
no_mean	
app	
goods	
no_mean	
no_mean	
app	
no_mean	
app	
no_mean	
no_mean	
no_mean	
cs	
no_mean	
no_mean	
no_mean	
no_mean	
app	
no_mean	
no_mean	
app	
no_mean	
no_mean	
no_mean	
cs	
app	
app	
no_mean	
no_mean	
delivery	
no_mean	
app	
app	
app	
no_mean	
app	
app	
no_mean	
app	
app	
no_mean	
no_mean	
app	
no_mean	
no_mean	
app	
app	
app	
app	
app	
app	
no_mean	
no_mean	
app	
app	
app	
app	
no_mean	
no_mean	
no_mean	
app	
app	
app	
app	
app	
app	
app	
app	
app	
no_mean	
app	
app	
app	
app	
app	
app	
app	
no_mean	
no_mean	
app	
app	
app	
no_mean	
goods	
no_mean	
no_mean	
no_mean	
app	
no_mean	
no_mean	
app	
app	
app	
app	
app	
cs	
no_mean	
no_mean	
goods	
app	
app	
app	
app	
no_mean	
no_mean	
no_mean	
app	
no_mean	
app	
app	
app	
app	
no_mean	
app	
delivery	
app	
no_mean	
no_mean	
app	
app	
no_mean	
no_mean	
app	
cs	
no_mean	
cs	
no_mean	
app	
app	
app	
app	
goods	
goods	
cs	
no_mean	
no_mean	
app	
no_mean	
app	
cs	
no_mean	
app	
app	
app	
app	
app	
no_mean	
app	
no_mean	
app	
no_mean	
no_mean	
goods	
no_mean	
no_mean	
no_mean	
app	
payment	
app	
app	
app	
no_mean	
app	
no_mean	
app	
app	
no_mean	
app	
no_mean	
app	
app	
app	
app	
app	
app	
no_mean	
goods	
app	
app	
app	
app	
delivery	
cs	
app	
no_mean	
no_mean	
no_mean	
no_mean	
no_mean	
no_mean	
no_mean	
app	
app	
no_mean	
delivery	
app	
payment	
payment	
app	
no_mean	
no_mean	
no_mean	
no_mean	
app	
no_mean	
cs	
no_mean	
no_mean	
no_mean	
no_mean	
no_mean	
no_mean	
goods	
app	
no_mean	
no_mean	
no_mean	
no_mean	
no_mean	
no_mean	
no_mean	
no_mean	
no_mean	
no_mean	
goods	
no_mean	
goods	
no_mean	
payment	
no_mean	
no_mean	
app	
no_mean	
no_mean	
no_mean	
no_mean	
no_mean	
no_mean	
goods	
no_mean	
no_mean	
app	
goods	
no_mean	
app	
no_mean	
no_mean	
no_mean	
no_mean	
no_mean	
no_mean	
goods	
no_mean	
no_mean	
no_mean	
no_mean	
no_mean	
delivery	
no_mean	
no_mean	
no_mean	
payment	
no_mean	
no_mean	
no_mean	
app	
no_mean	
no_mean	
no_mean	
no_mean	
no_mean	
no_mean	
no_mean	
delivery	
no_mean	
no_mean	
no_mean	
no_mean	
no_mean	
no_mean	
app	
no_mean	
no_mean	
app	
no_mean	
app	
app	
no_mean	
no_mean	
no_mean	
app	
no_mean	
no_mean	
no_mean	
no_mean	
app	
no_mean	
no_mean	
no_mean	
goods	
no_mean	
no_mean	
no_mean	
cs	
no_mean	
no_mean	
no_mean	
app	
no_mean	
no_mean	
no_mean	
no_mean	
no_mean	
no_mean	
no_mean	
payment	
no_mean	
no_mean	
no_mean	
no_mean	
no_mean	
delivery	
no_mean	
no_mean	
no_mean	
no_mean	
no_mean	
payment	
no_mean	
no_mean	
no_mean	
no_mean	
no_mean	
no_mean	
app	
no_mean	
no_mean	
no_mean	
no_mean	
no_mean	
no_mean	
no_mean	
no_mean	
no_mean	
no_mean	
no_mean	
no_mean	
no_mean	
no_mean	
no_mean	
no_mean	
no_mean	
no_mean	
no_mean	
no_mean	
no_mean	
no_mean	
no_mean	
no_mean	
no_mean	
no_mean	
no_mean	
no_mean	
no_mean	
no_mean	
no_mean	
no_mean	
app	
no_mean	
no_mean	
no_mean	
no_mean	
no_mean	
app	
no_mean	
no_mean	
no_mean	
no_mean	
no_mean	
no_mean	
no_mean	
app	
app	
no_mean	
no_mean	
no_mean	
no_mean	
no_mean	
no_mean	
no_mean	
no_mean	
no_mean	
no_mean	
no_mean	
no_mean	
app	
app	
no_mean	
no_mean	
no_mean	
no_mean	
no_mean	
no_mean	
no_mean	
no_mean	
no_mean	
no_mean	
app	
no_mean	
no_mean	
no_mean	
no_mean	
no_mean	
no_mean	
no_mean	
no_mean	
app	
no_mean	
no_mean	
app	
no_mean	
no_mean	
app	
no_mean	
no_mean	
app	
no_mean	
no_mean	
no_mean	
no_mean	
no_mean	
no_mean	
no_mean	
no_mean	
no_mean	
no_mean	
no_mean	
no_mean	
no_mean	
no_mean	
no_mean	
goods	
no_mean	
app	
cs	
no_mean	
no_mean	
no_mean	
no_mean	
no_mean	
no_mean	
no_mean	
no_mean	
no_mean	
no_mean	
app	
no_mean	
no_mean	
no_mean	
no_mean	
no_mean	
no_mean	
no_mean	
no_mean	
app	
no_mean	
app	
no_mean	
no_mean	
no_mean	
no_mean	
no_mean	
no_mean	
app	
no_mean	
no_mean	
app	
no_mean	
app	
no_mean	
no_mean	
payment	
app	
app	
app	
no_mean	
no_mean	
no_mean	
delivery	
no_mean	
app	
no_mean	
no_mean	
goods	
goods	
no_mean	
no_mean	
no_mean	
no_mean	
no_mean	
no_mean	
no_mean	
no_mean	
no_mean	
no_mean	
no_mean	
no_mean	
no_mean	
no_mean	
no_mean	
no_mean	
no_mean	
no_mean	
no_mean	
no_mean	
no_mean	
no_mean	
no_mean	
no_mean	
no_mean	
no_mean	
no_mean	
no_mean	
no_mean	
app	
no_mean	
no_mean	
no_mean	
no_mean	
no_mean	
no_mean	
app	
no_mean	
no_mean	
no_mean	
no_mean	
no_mean	
no_mean	
no_mean	
no_mean	
no_mean	
no_mean	
no_mean	
no_mean	
no_mean	
no_mean	
no_mean	
app	
no_mean	
no_mean	
no_mean	
goods	
no_mean	
app	
app	
app	
app	
app	
no_mean	
no_mean	
no_mean	
no_mean	
no_mean	
no_mean	
app	
no_mean	
no_mean	
no_mean	
no_mean	
no_mean	
no_mean	
no_mean	
no_mean	
no_mean	
no_mean	
no_mean	
no_mean	
app	
no_mean	
app	
no_mean	
app	
goods	
delivery	
goods	
goods	
no_mean	
goods	
no_mean	
no_mean	
no_mean	
goods	
goods	
no_mean	
app	
goods	
no_mean	
no_mean	
no_mean	
app	
no_mean	
app	
no_mean	
goods	
no_mean	
app	
no_mean	
no_mean	
app	
no_mean	
app	
no_mean	
no_mean	
no_mean	
no_mean	
no_mean	
no_mean	
no_mean	
no_mean	
no_mean	
no_mean	
no_mean	
no_mean	
no_mean	
no_mean	
no_mean	
delivery	
no_mean	
no_mean	
goods	
goods	
no_mean	
no_mean	
no_mean	
goods	
no_mean	
delivery	
app	
goods	
no_mean	
no_mean	
goods	
no_mean	
no_mean	
app	
payment	
app	
app	
app	
app	
app	
app	
no_mean	
app	
app	
no_mean	
app	
app	
app	
no_mean	
app	
no_mean	
no_mean	
no_mean	
no_mean	
goods	
no_mean	
no_mean	
payment	
app	
no_mean	
no_mean	
no_mean	
no_mean	
payment	
no_mean	
no_mean	
no_mean	
no_mean	
no_mean	
no_mean	
no_mean	
no_mean	
no_mean	
no_mean	
no_mean	
no_mean	
goods	
app	
app	
app	
no_mean	
no_mean	
no_mean	
no_mean	
app	
no_mean	
delivery	
cs	
app	
goods	
cs	
app	
delivery	
no_mean	
no_mean	
app	
no_mean	
no_mean	
no_mean	
app	
app	
no_mean	
no_mean	
no_mean	
no_mean	
no_mean	
app	
app	
no_mean	
no_mean	
no_mean	
no_mean	
app	
no_mean	
delivery	
delivery	
no_mean	
no_mean	
app	
app	
no_mean	
no_mean	
no_mean	
goods	
goods	
no_mean	
app	
payment	
delivery	
goods	
no_mean	
payment	
no_mean	
no_mean	
goods	
no_mean	
goods	
app	
app	
no_mean	
app	
app	
app	
no_mean	
goods	
app	
app	
no_mean	
no_mean	
no_mean	
no_mean	
delivery	
no_mean	
no_mean	
no_mean	
goods	
delivery	
app	
no_mean	
no_mean	
goods	
app	
no_mean	
no_mean	
app	
no_mean	
no_mean	
app	
no_mean	
no_mean	
no_mean	
no_mean	
no_mean	
no_mean	
app	
no_mean	
app	
no_mean	
no_mean	
no_mean	
no_mean	
no_mean	
no_mean	
no_mean	
app	
app	
no_mean	
app	
delivery	
app	
app	
app	
app	
app	
goods	
app	
delivery	
app	
app	
app	
app	
app	
no_mean	
no_mean	
no_mean	
no_mean	
app	
app	
app	
app	
app	
no_mean	
no_mean	
delivery	
no_mean	
no_mean	
payment	
app	
no_mean	
delivery	
goods	
goods	
no_mean	
no_mean	
no_mean	
no_mean	
app	
no_mean	
no_mean	
no_mean	
app	
no_mean	
no_mean	
no_mean	
app	
app	
app	
app	
app	
no_mean	
app	
app	
no_mean	
app	
app	
app	
delivery	
payment	
no_mean	
no_mean	
app	
app	
app	
app	
app	
app	
delivery	
no_mean	
app	
app	
app	
app	
delivery	
no_mean	
app	
no_mean	
app	
no_mean	
app	
app	
app	
app	
no_mean	
app	
goods	
app	
goods	
app	
app	
no_mean	
goods	
app	
app	
app	
delivery	
app	
app	
app	
app	
app	
no_mean	
app	
app	
no_mean	
app	
app	
no_mean	
goods	
goods	
no_mean	
app	
no_mean	
delivery	
app	
goods	
app	
no_mean	
no_mean	
no_mean	
payment	
payment	
app	
delivery	
no_mean	
no_mean	
no_mean	
app	
goods	
goods	
delivery	
app	
app	
no_mean	
no_mean	
delivery	
no_mean	
no_mean	
no_mean	
app	
app	
app	
goods	
no_mean	
no_mean	
cs	
no_mean	
delivery	
no_mean	
app	
delivery	
app	
app	
no_mean	
app	
payment	
no_mean	
app	
no_mean	
app	
app	
no_mean	
no_mean	
app	
app	
delivery	
app	
app	
payment	
no_mean	
no_mean	
goods	
payment	
no_mean	
app	
app	
no_mean	
payment	
no_mean	
no_mean	
no_mean	
app	
cs	
no_mean	
no_mean	
goods	
goods	
no_mean	
payment	
no_mean	
no_mean	
cs	
app	
no_mean	
app	
no_mean	
no_mean	
no_mean	
app	
app	
app	
no_mean	
no_mean	
app	
app	
app	
no_mean	
no_mean	
goods	
goods	
no_mean	
app	
app	
app	
no_mean	
no_mean	
no_mean	
no_mean	
cs	
no_mean	
app	
app	
no_mean	
no_mean	
app	
no_mean	
no_mean	
no_mean	
app	
no_mean	
app	
no_mean	
no_mean	
no_mean	
cs	
no_mean	
no_mean	
app	
app	
app	
app	
no_mean	
no_mean	
app	
no_mean	
no_mean	
app	
no_mean	
app	
app	
app	
no_mean	
app	
delivery	
app	
no_mean	
no_mean	
no_mean	
delivery	
no_mean	
app	
cs	
app	
cs	
no_mean	
no_mean	
goods	
delivery	
goods	
no_mean	
no_mean	
no_mean	
cs	
app	
delivery	
app	
delivery	
goods	
app	
no_mean	
no_mean	
no_mean	
goods	
no_mean	
cs	
app	
app	
no_mean	
app	
no_mean	
goods	
app	
app	
app	
app	
app	
app	
app	
app	
no_mean	
no_mean	
app	
goods	
no_mean	
no_mean	
no_mean	
app	
no_mean	
app	
no_mean	
goods	
app	
app	
app	
no_mean	
no_mean	
app	
app	
no_mean	
no_mean	
app	
app	
no_mean	
no_mean	
no_mean	
app	
no_mean	
no_mean	
no_mean	
no_mean	
app	
delivery	
payment	
no_mean	
delivery	
app	
no_mean	
no_mean	
app	
app	
no_mean	
no_mean	
app	
app	
app	
app	
no_mean	
no_mean	
no_mean	
no_mean	
no_mean	
no_mean	
no_mean	
goods	
app	
app	
app	
app	
app	
no_mean	
app	
no_mean	
no_mean	
app	
no_mean	
no_mean	
no_mean	
no_mean	
no_mean	
app	
no_mean	
no_mean	
no_mean	
app	
no_mean	
app	
no_mean	
no_mean	
no_mean	
app	
no_mean	
goods	
app	
no_mean	
app	
goods	
app	
no_mean	
goods	
app	
app	
app	
app	
goods	
goods	
goods	
no_mean	
goods	
app	
goods	
app	
no_mean	
no_mean	
no_mean	
no_mean	
no_mean	
app	
app	
app	
app	
app	
goods	
goods	
app	
app	
no_mean	
no_mean	
app	
app	
no_mean	
no_mean	
no_mean	
no_mean	
no_mean	
app	
no_mean	
app	
no_mean	
app	
app	
app	
app	
app	
goods	
goods	
app	
no_mean	
goods	
goods	
goods	
no_mean	
goods	
goods	
goods	
app	
goods	
goods	
app	
app	
app	
no_mean	
app	
app	
goods	
app	
app	
app	
no_mean	
app	
no_mean	
goods	
app	
app	
no_mean	
no_mean	
no_mean	
no_mean	
app	
no_mean	
app	
no_mean	
app	
app	
app	
no_mean	
cs	
app	
app	
app	
app	
no_mean	
app	
no_mean	
app	
no_mean	
app	
app	
no_mean	
no_mean	
no_mean	
no_mean	
no_mean	
no_mean	
no_mean	
no_mean	
no_mean	
app	
no_mean	
no_mean	
no_mean	
no_mean	
no_mean	
no_mean	
app	
no_mean	
app	
app	
app	
app	
no_mean	
app	
no_mean	
no_mean	
app	
app	
goods	
app	
no_mean	
no_mean	
payment	
app	
delivery	
app	
cs	
app	
no_mean	
app	
app	
no_mean	
no_mean	
no_mean	
no_mean	
app	
goods	
no_mean	
goods	
delivery	
no_mean	
no_mean	
app	
no_mean	
app	
app	
no_mean	
no_mean	
app	
app	
no_mean	
no_mean	
app	
app	
no_mean	
app	
no_mean	
no_mean	
no_mean	
no_mean	
no_mean	
no_mean	
app	
app	
no_mean	
no_mean	
app	
no_mean	
no_mean	
app	
no_mean	
no_mean	
no_mean	
app	
no_mean	
no_mean	
no_mean	
no_mean	
no_mean	
no_mean	
no_mean	
no_mean	
goods	
app	
no_mean	
app	
no_mean	
goods	
app	
app	
no_mean	
app	
no_mean	
no_mean	
cs	
no_mean	
app	
app	
app	
goods	
app	
no_mean	
no_mean	
app	
app	
app	
goods	
app	
no_mean	
app	
app	
no_mean	
app	
no_mean	
no_mean	
no_mean	
no_mean	
app	
no_mean	
app	
delivery	
delivery	
app	
no_mean	
no_mean	
no_mean	
no_mean	
goods	
app	
delivery	
app	
no_mean	
no_mean	
no_mean	
app	
cs	
goods	
cs	
no_mean	
app	
app	
app	
no_mean	
app	
no_mean	
no_mean	
no_mean	
no_mean	
no_mean	
goods	
no_mean	
delivery	
cs	
no_mean	
no_mean	
no_mean	
cs	
no_mean	
app	
app	
no_mean	
no_mean	
no_mean	
payment	
no_mean	
app	
no_mean	
delivery	
app	
no_mean	
app	
app	
app	
app	
no_mean	
no_mean	
app	
app	
app	
no_mean	
goods	
app	
app	
no_mean	
app	
app	
app	
app	
no_mean	
no_mean	
app	
app	
app	
app	
app	
app	
no_mean	
app	
app	
app	
app	
app	
app	
goods	
	
